City,Lat,Lng,Max Temp,Humidity,Country,Date,Cloudiness,Wind Speed
ushuaia,-54.8,-68.3,37.06,81,AR,1650856675,0,5.75
oberstdorf,47.4,10.2833,42.35,94,DE,1650856676,100,4.0
guerrero negro,27.9769,-114.0611,65.28,60,MX,1650856676,0,18.77
perg,48.25,14.6333,49.42,92,AT,1650856676,100,11.79
grand-santi,4.25,-54.3833,72.84,99,GF,1650856677,97,2.17
beringovskiy,63.05,179.3167,29.59,77,RU,1650856677,100,12.53
chokurdakh,70.6333,147.9167,11.25,90,RU,1650856677,43,5.06
pisco,-13.7,-76.2167,67.01,88,PE,1650856481,100,4.61
laguna,38.421,-121.4238,73.54,42,US,1650856678,0,8.05
qaanaaq,77.484,-69.3632,-0.36,64,GL,1650856678,57,7.43
sergiyevsk,53.9413,51.165,50.58,77,RU,1650856679,82,4.38
puerto ayora,-0.7393,-90.3518,72.0,91,EC,1650856679,68,7.11
palmer,42.1584,-72.3287,48.49,67,US,1650856679,20,5.75
jamestown,42.097,-79.2353,71.24,55,US,1650856481,0,6.91
atuona,-9.8,-139.0333,78.89,77,PF,1650856680,24,18.63
khatanga,71.9667,102.5,5.79,90,RU,1650856680,89,5.46
hamilton,39.1834,-84.5333,73.35,58,US,1650856544,20,6.91
seminole,28.7086,-81.2081,74.21,86,US,1650856406,40,6.91
hithadhoo,-0.6,73.0833,83.97,73,MV,1650856681,100,6.8
kosikha,53.3617,84.5822,38.61,49,RU,1650856681,7,5.68
kirakira,-10.4544,161.9205,83.57,75,SB,1650856681,98,4.05
faanui,-16.4833,-151.75,81.03,73,PF,1650856682,26,6.76
barrow,71.2906,-156.7887,17.62,79,US,1650856501,75,11.5
hazorasp,41.3194,61.0742,55.24,35,UZ,1650856682,15,7.18
cape town,-33.9258,18.4232,58.91,72,ZA,1650856683,0,5.99
komsomolskiy,40.4272,71.7189,57.92,88,UZ,1650856683,75,6.91
new norfolk,-42.7826,147.0587,59.67,67,AU,1650856683,100,1.59
fukuma,33.7667,130.4667,85.28,64,JP,1650856684,52,3.71
busselton,-33.65,115.3333,71.31,50,AU,1650856684,100,12.41
oranjemund,-28.55,16.4333,51.84,83,NA,1650856685,0,10.6
iqaluit,63.7506,-68.5145,22.69,85,CA,1650856685,100,18.99
goderich,43.7501,-81.7165,62.91,98,CA,1650856519,100,14.79
jinchang,38.4953,102.1739,69.03,17,CN,1650856685,6,17.83
butaritari,3.0707,172.7902,81.68,77,KI,1650856686,65,13.09
bluff,-46.6,168.3333,53.8,77,NZ,1650856686,97,26.51
kruisfontein,-34.0033,24.7314,52.88,79,ZA,1650856686,98,6.38
turek,52.0155,18.5005,46.62,96,PL,1650856687,100,12.53
rajula,21.05,71.4333,90.81,23,IN,1650856687,0,15.35
severo-kurilsk,50.6789,156.125,33.82,94,RU,1650856687,90,3.18
qaqortoq,60.7167,-46.0333,34.68,92,GL,1650856412,100,3.74
rikitea,-23.1203,-134.9692,72.72,85,PF,1650856688,100,13.8
cap malheureux,-19.9842,57.6142,75.47,72,MU,1650856688,61,4.0
thompson,55.7435,-97.8558,10.4,71,CA,1650856519,4,12.39
noumea,-22.2763,166.4572,80.01,99,NC,1650856689,100,16.96
ribeira grande,38.5167,-28.7,58.68,75,PT,1650856689,16,14.85
vaini,-21.2,-175.2,78.96,78,TO,1650856675,75,6.91
nanortalik,60.1432,-45.2371,36.16,92,GL,1650856690,100,8.95
acari,-15.4311,-74.6158,70.02,82,PE,1650856690,99,3.11
candelaria,13.9311,121.4233,85.39,53,PH,1650856690,89,6.91
sitka,57.0531,-135.33,46.29,76,US,1650856691,75,9.22
laela,-8.5667,32.05,59.38,97,TZ,1650856691,100,2.28
camana,-16.6228,-72.7111,68.02,87,PE,1650856692,73,6.78
nikolskoye,59.7035,30.7861,44.87,98,RU,1650856692,100,5.08
matara,5.9485,80.5353,83.39,75,LK,1650856692,86,1.95
ostrovnoy,68.0531,39.5131,33.82,96,RU,1650856693,99,8.23
mataura,-46.1927,168.8643,53.47,82,NZ,1650856693,92,12.86
punta arenas,-53.15,-70.9167,42.91,87,CL,1650856454,100,10.36
vardo,70.3705,31.1107,34.03,92,NO,1650856694,100,5.84
gympie,-26.1898,152.665,66.18,62,AU,1650856694,97,10.89
iaciara,-14.0958,-46.6317,73.63,58,BR,1650856695,61,2.59
sao filipe,14.8961,-24.4956,74.08,74,CV,1650856695,8,4.34
lebu,-37.6167,-73.65,50.43,78,CL,1650856695,13,4.68
hilo,19.7297,-155.09,81.28,82,US,1650856696,100,10.36
huarmey,-10.0681,-78.1522,68.2,86,PE,1650856696,88,10.04
saint-philippe,-21.3585,55.7679,74.79,76,RE,1650856696,82,13.85
gobabis,-22.45,18.9667,55.89,65,NA,1650856697,5,10.18
berdigestyakh,62.0989,126.6992,28.56,71,RU,1650856697,68,5.28
tual,-5.6667,132.75,83.88,66,ID,1650856697,39,0.72
avarua,-21.2078,-159.775,82.45,74,CK,1650856576,20,5.75
clyde river,70.4692,-68.5914,7.03,92,CA,1650856698,100,6.91
shimoda,34.6667,138.95,76.1,77,JP,1650856698,82,4.29
broome,42.2506,-75.833,66.97,51,US,1650856699,0,10.36
tecoanapa,16.5167,-98.75,80.1,71,MX,1650856699,2,6.06
honningsvag,70.9821,25.9704,31.75,86,NO,1650856699,100,1.14
airai,-8.9266,125.4092,76.1,34,TL,1650856700,89,3.51
shwebo,22.5667,95.7,98.74,30,MM,1650856700,0,7.54
hermanus,-34.4187,19.2345,58.57,71,ZA,1650856701,96,2.71
okhotsk,59.3833,143.3,33.64,81,RU,1650856701,23,10.74
rimbey,52.6334,-114.2353,50.23,61,CA,1650856701,4,8.95
nadvoitsy,63.8667,34.3167,28.69,91,RU,1650856702,31,3.2
ilulissat,69.2167,-51.1,26.62,93,GL,1650856702,100,0.0
carnarvon,-24.8667,113.6333,80.67,54,AU,1650856702,56,11.5
krotovka,53.2858,51.1686,52.45,75,RU,1650856703,100,3.65
lata,40.1629,-8.3327,47.07,94,PT,1650856703,45,2.21
brae,60.3964,-1.353,44.82,85,GB,1650856703,27,18.3
tikrit,34.6071,43.6782,62.78,59,IQ,1650856704,18,5.88
souillac,-20.5167,57.5167,74.55,77,MU,1650856704,50,15.35
rock sound,24.9,-76.2,75.45,74,BS,1650856704,22,21.61
hobart,-42.8794,147.3294,60.03,82,AU,1650856705,75,4.61
bathsheba,13.2167,-59.5167,81.21,78,BB,1650856705,75,19.57
sangar,63.9242,127.4739,26.19,82,RU,1650856705,95,9.15
chingirlau,51.095,54.0814,50.56,70,KZ,1650856706,37,8.55
katsuura,35.1333,140.3,70.14,68,JP,1650856706,19,4.36
tiksi,71.6872,128.8694,7.21,91,RU,1650856707,95,3.67
evanston,42.0411,-87.6901,62.71,55,US,1650856707,75,11.5
zhigansk,66.7697,123.3711,19.94,84,RU,1650856707,95,8.25
zhanaozen,43.3,52.8,62.74,29,KZ,1650856708,100,15.05
salalah,17.0151,54.0924,80.44,74,OM,1650856708,26,4.61
la ronge,55.1001,-105.2842,30.45,74,CA,1650856708,100,7.23
muroto,33.2833,134.15,67.06,84,JP,1650856709,100,1.92
sorkjosen,69.8,20.9333,33.8,100,NO,1650856709,100,0.0
mon,26.75,95.1,78.75,58,IN,1650856710,18,3.91
bethel,41.3712,-73.414,47.64,67,US,1650856683,0,0.0
chadan,51.2833,91.5833,34.29,34,RU,1650856710,0,3.49
narsaq,60.9167,-46.05,39.42,90,GL,1650856710,100,2.33
anadyr,64.75,177.4833,32.5,59,RU,1650856711,0,11.18
muisne,0.6,-80.0333,77.52,83,EC,1650856711,100,5.5
port elgin,46.0487,-64.0868,40.05,86,CA,1650856711,100,19.62
yumen,40.2833,97.2,59.49,38,CN,1650856712,65,19.77
vetapalem,15.7833,80.3167,87.96,61,IN,1650856712,9,11.59
haines junction,60.7522,-137.5108,48.15,40,CA,1650856712,91,8.05
east london,-33.0153,27.9116,60.55,73,ZA,1650856713,71,15.97
toba,34.4833,136.85,69.8,80,JP,1650856429,27,3.76
esperance,-33.8667,121.9,70.25,53,AU,1650856713,87,8.21
hasaki,35.7333,140.8333,81.28,69,JP,1650856714,30,6.08
tapes,-30.6733,-51.3958,63.68,92,BR,1650856714,0,10.6
belaya gora,68.5333,146.4167,21.65,80,RU,1650856714,100,6.6
comodoro rivadavia,-45.8667,-67.5,48.06,53,AR,1650856715,0,34.52
fare,-16.7,-151.0167,80.28,74,PF,1650856715,25,6.73
shancheng,34.7953,116.0817,65.66,95,CN,1650856716,100,8.3
canatlan,24.5167,-104.7833,66.81,26,MX,1650856716,0,14.41
kaitangata,-46.2817,169.8464,55.87,69,NZ,1650856716,70,18.9
abu samrah,35.3029,37.1841,67.03,41,SY,1650856717,0,8.41
barcelos,41.5388,-8.6151,50.85,92,PT,1650856717,100,3.94
yerbogachen,61.2767,108.0108,31.32,62,RU,1650856717,100,8.99
puerto del rosario,28.5004,-13.8627,60.55,63,ES,1650856718,0,5.75
bykovo,55.6361,38.0803,48.61,100,RU,1650856718,100,2.24
castro,-24.7911,-50.0119,58.23,97,BR,1650856719,2,5.03
cancun,21.1743,-86.8466,80.06,78,MX,1650856650,40,9.22
kenai,60.5544,-151.2583,49.03,66,US,1650856719,100,5.75
tendukheda,23.4,79.55,93.72,13,IN,1650856719,0,13.06
cabo san lucas,22.8909,-109.9124,72.7,65,MX,1650856422,0,3.0
mareeba,-17.0,145.4333,74.44,95,AU,1650856720,100,4.59
nouadhibou,20.931,-17.0347,64.89,77,MR,1650856720,0,14.29
caldas da rainha,39.4033,-9.1384,52.86,95,PT,1650856721,20,1.99
yellowknife,62.456,-114.3525,35.56,59,CA,1650856721,15,11.01
mahebourg,-20.4081,57.7,75.25,75,MU,1650856721,31,16.44
port alfred,-33.5906,26.891,56.17,73,ZA,1650856722,99,4.0
samarai,-10.6167,150.6667,84.25,70,PG,1650856722,72,15.75
portales,34.1862,-103.3344,60.33,31,US,1650856521,100,5.99
chuy,-33.6971,-53.4616,64.72,64,UY,1650856723,2,12.77
narbonne,43.0833,2.8333,54.32,63,FR,1650856723,31,7.99
sao joao da barra,-21.6403,-41.0511,74.53,81,BR,1650856723,100,10.22
ponta do sol,32.6667,-17.1,64.0,87,PT,1650856724,100,11.12
port hardy,50.6996,-127.4199,46.58,93,CA,1650856520,75,5.75
luderitz,-26.6481,15.1594,54.25,57,NA,1650856724,0,13.49
kincardine,56.0667,-3.7167,46.51,74,GB,1650856724,100,3.38
isangel,-19.55,169.2667,79.2,66,VU,1650856725,100,17.69
nador,35.174,-2.9287,55.65,76,MA,1650856725,0,3.44
hualmay,-11.0964,-77.6139,67.03,87,PE,1650856725,65,9.35
cherskiy,68.75,161.3,26.91,73,RU,1650856726,100,7.43
college,64.8569,-147.8028,51.75,36,US,1650856726,75,5.75
kota kinabalu,5.9749,116.0724,85.98,79,MY,1650856727,20,5.99
leningradskiy,69.3833,178.4167,24.12,85,RU,1650856727,97,3.78
banda aceh,5.5577,95.3222,85.46,66,ID,1650856727,100,1.63
albany,42.6001,-73.9662,54.73,54,US,1650856660,51,5.01
tasiilaq,65.6145,-37.6368,24.96,67,GL,1650856728,72,2.26
beidao,34.5686,105.8933,65.39,57,CN,1650856728,34,0.94
izumo,35.3667,132.7667,75.2,56,JP,1650856728,48,5.59
ust-kuyga,70.0167,135.6,14.94,84,RU,1650856729,85,4.5
chegdomyn,51.1167,133.0167,40.89,64,RU,1650856729,11,3.76
langxiang,46.95,128.8833,59.34,30,CN,1650856729,100,5.06
olafsvik,64.8945,-23.7142,44.31,78,IS,1650856730,72,6.6
san patricio,28.017,-97.5169,78.89,92,US,1650856730,23,15.21
never,46.9896,3.159,51.8,98,FR,1650856730,100,10.22
centralia,46.7162,-122.9543,59.99,50,US,1650856660,0,0.0
klaksvik,62.2266,-6.589,40.12,88,FO,1650856731,100,15.68
bambous virieux,-20.3428,57.7575,75.22,75,MU,1650856731,25,16.17
pevek,69.7008,170.3133,15.4,88,RU,1650856731,79,1.48
nadym,65.5333,72.5167,15.91,84,RU,1650856732,49,1.63
houma,29.5958,-90.7195,75.99,86,US,1650856732,40,8.05
monteria,8.748,-75.8814,78.24,86,CO,1650856732,100,5.08
grindavik,63.8424,-22.4338,41.47,93,IS,1650856733,75,9.22
ikom,5.9667,8.7063,73.72,95,NG,1650856733,100,1.39
lompoc,34.6391,-120.4579,61.02,86,US,1650856733,0,8.05
fortuna,40.5982,-124.1573,52.66,84,US,1650856734,0,9.22
kapaa,22.0752,-159.319,82.38,76,US,1650856734,20,16.11
imbituba,-28.24,-48.6703,64.8,92,BR,1650856531,24,12.57
saskylakh,71.9167,114.0833,11.07,91,RU,1650856734,90,1.66
mayumba,-3.432,10.6554,77.36,90,GA,1650856735,100,4.07
mattru,7.6244,-11.8332,73.89,91,SL,1650856735,100,2.21
veshenskaya,49.6303,41.7334,52.45,81,RU,1650856735,99,6.55
kodiak,57.79,-152.4072,51.31,54,US,1650856714,100,11.5
marrakesh,31.6315,-8.0083,53.47,77,MA,1650856546,0,2.95
pitimbu,-7.4706,-34.8086,75.79,83,BR,1650856503,66,8.05
paka,4.6374,103.4368,86.18,67,MY,1650856736,100,2.42
dunedin,-45.8742,170.5036,61.81,59,NZ,1650856736,41,21.0
berlevag,70.8578,29.0864,32.0,82,NO,1650856737,100,6.2
storsteinnes,69.2408,19.2344,35.38,100,NO,1650856737,100,3.06
saint george,37.1041,-113.5841,65.25,15,US,1650856737,0,11.5
atasu,48.6814,71.6433,34.52,90,KZ,1650856738,100,12.64
mandalgovi,45.7625,106.2708,34.34,41,MN,1650856738,10,30.53
snezhnogorsk,69.1933,33.2531,33.58,97,RU,1650856738,100,4.27
provideniya,64.3833,-173.3,37.51,65,RU,1650856739,0,7.0
san carlos de bariloche,-41.1456,-71.3082,35.35,87,AR,1650856739,100,23.02
tura,25.5198,90.2201,83.43,64,IN,1650856739,25,6.46
tucuma,-0.1833,-50.05,75.38,94,BR,1650856740,88,4.03
saint-francois,46.4154,3.9054,51.24,87,FR,1650856740,100,8.05
georgetown,5.4112,100.3354,87.73,74,MY,1650856453,20,0.0
hadejia,12.4498,10.0444,82.26,32,NG,1650856741,40,12.1
kavieng,-2.5744,150.7967,84.92,69,PG,1650856741,100,7.43
bredasdorp,-34.5322,20.0403,57.24,69,ZA,1650856741,89,4.12
altay,47.8667,88.1167,39.54,41,CN,1650856742,82,1.52
umea,63.8284,20.2597,35.91,86,SE,1650856742,0,5.75
hofn,64.2539,-15.2082,41.34,87,IS,1650856742,99,4.18
tuktoyaktuk,69.4541,-133.0374,32.45,85,CA,1650856743,100,3.91
south daytona,29.1658,-81.0045,74.07,79,US,1650856743,0,13.0
amapa,1.0,-52.0,71.71,99,BR,1650856743,44,2.48
rawson,-43.3002,-65.1023,55.09,35,AR,1650856744,1,31.76
port elizabeth,-33.918,25.5701,57.31,75,ZA,1650856744,100,8.01
bima,-8.4667,118.7167,88.57,56,ID,1650856744,90,3.98
caravelas,-17.7125,-39.2481,74.88,93,BR,1650856745,0,3.15
puro,12.4841,123.3827,85.8,70,PH,1650856745,86,8.59
aykhal,66.0,111.5,21.16,77,RU,1650856746,38,5.68
torbay,47.6666,-52.7314,38.75,97,CA,1650856746,100,11.5
arraial do cabo,-22.9661,-42.0278,74.77,73,BR,1650856746,98,9.8
alencon,48.4333,0.0833,41.81,97,FR,1650856747,33,5.08
hervey bay,-25.2986,152.8535,78.03,61,AU,1650856747,99,5.99
grand gaube,-20.0064,57.6608,75.38,72,MU,1650856747,59,4.0
saint-pierre,-21.3393,55.4781,74.88,69,RE,1650856748,40,18.41
hurghada,27.2574,33.8129,71.26,34,EG,1650856748,0,10.65
half moon bay,37.4636,-122.4286,63.57,77,US,1650856749,40,25.32
imphal,24.8167,93.95,78.71,65,IN,1650856749,40,1.14
edd,13.9297,41.6925,86.9,60,ER,1650856576,60,10.54
nandgaon,20.3167,74.65,89.64,17,IN,1650856749,0,10.76
tyrma,50.0833,132.1667,47.57,43,RU,1650856750,100,1.72
mayo,38.8876,-76.5119,60.26,79,US,1650856750,0,10.36
niquero,20.0431,-77.5828,74.41,84,CU,1650856750,100,3.58
ulaangom,49.9811,92.0667,35.65,29,MN,1650856751,1,6.38
coquimbo,-29.9533,-71.3436,55.13,94,CL,1650856587,20,5.75
port moresby,-9.4431,147.1797,89.02,66,PG,1650856751,40,11.5
moctezuma,29.8,-109.6667,71.33,18,MX,1650856752,0,5.1
kirkwall,58.9848,-2.9587,44.65,81,GB,1650856752,100,9.22
marmashen,40.8349,43.7779,39.88,75,AM,1650856752,20,2.3
sillanwali,31.8261,72.5398,87.19,25,PK,1650856753,95,7.14
dunmore town,25.5,-76.65,75.36,72,BS,1650856753,100,21.94
lagoa,39.05,-27.9833,57.56,75,PT,1650856754,0,18.48
beckley,37.7782,-81.1882,70.21,43,US,1650856754,0,6.91
jiuquan,39.7432,98.5174,59.41,39,CN,1650856755,0,6.58
adrar,20.5022,-10.0711,69.73,36,MR,1650856755,0,9.33
nagua,19.3832,-69.8474,72.93,81,DO,1650856756,34,6.53
queanbeyan,-35.35,149.2333,68.58,62,AU,1650856756,40,5.75
zhezkazgan,47.8043,67.7144,44.58,76,KZ,1650856756,75,6.71
asau,46.4333,26.4,54.95,85,RO,1650856757,100,3.38
pabna,24.0,89.25,94.12,45,BD,1650856757,5,10.11
balkanabat,39.5108,54.3671,72.18,26,TM,1650856757,100,13.69
xiaoweizhai,26.1903,107.5125,71.94,87,CN,1650856758,96,2.35
gwadar,25.1216,62.3254,80.47,75,PK,1650856494,0,2.48
yarim,14.298,44.3779,55.63,63,YE,1650856758,6,1.43
vila,42.0304,-8.1588,40.08,93,PT,1650856759,99,3.13
kieta,-6.2167,155.6333,86.05,65,PG,1650856759,21,4.56
kourou,5.1552,-52.6478,81.1,90,GF,1650856760,70,7.16
vila velha,-20.3297,-40.2925,78.75,86,BR,1650856687,75,11.5
norman wells,65.282,-126.8329,37.09,93,CA,1650856760,95,1.3
yinchuan,38.4681,106.2731,74.32,20,CN,1650856761,100,11.9
barra patuca,15.8,-84.2833,78.57,80,HN,1650856761,4,10.54
longyearbyen,78.2186,15.6401,6.64,72,SJ,1650856761,75,12.66
bonavista,48.6499,-53.1147,36.28,93,CA,1650856762,100,18.41
naze,28.3667,129.4833,75.29,81,JP,1650856762,1,6.89
namibe,-15.1961,12.1522,68.99,85,AO,1650856762,1,4.32
pangoa,-12.1167,-73.0,69.66,98,PE,1650856763,100,2.24
mocuba,-16.8392,36.9856,68.63,99,MZ,1650856763,59,3.89
phan thiet,10.9333,108.1,88.25,61,VN,1650856763,34,7.49
gimbi,9.1667,35.8333,58.87,85,ET,1650856764,92,2.55
phalaborwa,-23.943,31.1411,68.0,64,ZA,1650856471,9,4.09
athabasca,54.7169,-113.2854,45.12,71,CA,1650856764,62,12.15
lorengau,-2.0226,147.2712,85.3,63,PG,1650856764,89,8.12
ulaanbaatar,47.9077,106.8832,30.33,55,MN,1650856657,40,15.66
belmonte,-15.8631,-38.8828,77.97,85,BR,1650856765,76,7.67
padang,-0.9492,100.3543,77.05,77,ID,1650856765,100,5.35
harper,4.375,-7.7169,80.49,83,LR,1650856766,100,3.89
mto wa mbu,-3.35,35.85,67.14,94,TZ,1650856766,100,1.52
shemordan,56.1856,50.3972,46.53,83,RU,1650856767,100,6.55
kavaratti,10.5669,72.642,84.27,70,IN,1650856767,26,2.39
rawah,34.4816,41.9093,65.55,45,IQ,1650856768,93,1.19
meulaboh,4.1363,96.1285,84.38,74,ID,1650856747,95,4.94
havoysund,70.9963,24.6622,32.23,71,NO,1650856768,100,6.24
tuatapere,-46.1333,167.6833,54.81,76,NZ,1650856769,75,16.93
upernavik,72.7868,-56.1549,-0.54,88,GL,1650856769,42,6.49
kaitong,44.8135,123.15,73.62,30,CN,1650856769,15,20.54
deputatskiy,69.3,139.9,13.03,85,RU,1650856770,100,4.16
odweyne,9.4092,45.064,69.66,79,SO,1650856770,100,3.76
westport,41.1415,-73.3579,47.91,63,US,1650856745,0,3.44
port lincoln,-34.7333,135.8667,67.6,68,AU,1650856770,86,15.41
necochea,-38.5473,-58.7368,66.49,45,AR,1650856481,100,19.46
matai,-8.3,31.5167,59.38,97,TZ,1650856771,100,2.57
youkounkoun,12.5333,-13.1333,79.07,59,GN,1650856771,44,6.8
rosetta,31.4044,30.4164,63.03,83,EG,1650856772,0,6.69
carlyle,38.6103,-89.3726,67.37,92,US,1650856772,100,5.99
turba,59.0831,24.225,40.64,76,EE,1650856773,40,10.36
saldanha,-33.0117,17.9442,56.53,79,ZA,1650856773,0,11.21
conakry,9.538,-13.6773,79.95,84,GN,1650856633,100,6.15
peniche,39.3558,-9.3811,53.46,94,PT,1650856773,28,5.26
jalu,29.0331,21.5482,67.84,43,LY,1650856774,2,7.92
warrnambool,-38.3833,142.4833,69.82,58,AU,1650856774,62,3.44
ouadda,8.0777,22.4007,69.58,92,CF,1650856775,98,4.92
aquiraz,-3.9014,-38.3911,76.17,89,BR,1650856775,100,7.0
marau,-28.4492,-52.2,59.54,82,BR,1650856775,0,4.99
kamenka,51.3223,42.7678,51.73,79,RU,1650856776,100,10.13
petropavlovsk-kamchatskiy,53.0452,158.6483,45.19,46,RU,1650856776,75,15.66
verkhoyansk,67.5447,133.385,23.7,76,RU,1650856777,100,3.27
kerema,-7.9631,145.7785,84.4,71,PG,1650856777,67,7.74
dikson,73.5069,80.5464,11.21,92,RU,1650856778,100,18.95
puerto ayacucho,5.6639,-67.6236,76.14,89,VE,1650856778,99,4.21
civitavecchia,42.0933,11.7967,58.82,98,IT,1650856778,16,2.98
pochutla,15.7432,-96.4661,80.82,69,MX,1650856779,17,4.05
the pas,53.8251,-101.2541,24.24,68,CA,1650856779,49,10.47
nara,34.6851,135.8049,83.5,32,JP,1650856730,65,3.04
kano,12.0001,8.5167,81.55,52,NG,1650856779,35,12.1
mar del plata,-38.0023,-57.5575,65.88,66,AR,1650856780,81,15.01
praia,14.9215,-23.5087,73.94,46,CV,1650856780,0,9.22
mabaruma,8.2,-59.7833,74.26,95,GY,1650856781,79,2.46
vila franca do campo,37.7167,-25.4333,57.61,83,PT,1650856781,33,11.01
san jeronimo,-11.9472,-75.2829,47.82,83,PE,1650856781,97,2.17
surgut,61.25,73.4167,39.09,51,RU,1650856782,0,8.99
namtsy,62.7161,129.6658,31.77,69,RU,1650856782,94,7.05
sola,-13.8833,167.55,80.67,73,VU,1650856782,95,5.3
middletown,39.5151,-84.3983,74.61,61,US,1650856712,40,8.05
labuhan,-6.8844,112.2051,85.23,70,ID,1650856783,60,3.87
izyaslav,50.1195,26.8213,49.84,92,UA,1650856783,97,7.56
shediac,46.2198,-64.5411,39.09,77,CA,1650856783,100,19.82
serebryansk,49.6925,83.2892,39.16,48,KZ,1650856784,99,4.68
alice springs,-23.7,133.8833,65.75,82,AU,1650856784,100,6.91
yankton,42.8711,-97.3973,40.12,70,US,1650856644,100,25.32
port hueneme,34.1478,-119.1951,71.73,58,US,1650856785,0,8.05
qasigiannguit,68.8193,-51.1922,26.85,97,GL,1650856785,97,1.92
merauke,-8.4667,140.3333,81.63,78,ID,1650856785,100,3.74
high rock,26.6208,-78.2833,71.62,71,BS,1650856786,5,19.77
bachaquero,9.9694,-71.1494,79.86,79,VE,1650856786,96,4.0
along,28.1667,94.7667,68.2,90,IN,1650856787,99,2.3
linxi,39.7,118.4333,73.65,50,CN,1650856787,100,9.51
bo phloi,14.3236,99.5161,94.08,45,TH,1650856788,4,5.14
umba,66.6871,34.3429,33.26,94,RU,1650856788,98,5.64
husavik,66.0449,-17.3389,41.76,90,IS,1650856788,100,1.63
aranos,-24.1333,19.1167,53.64,28,NA,1650856789,2,10.65
balaipungut,1.05,101.2833,85.68,73,ID,1650856789,100,2.35
tongliao,43.6125,122.2653,73.9,39,CN,1650856789,7,21.36
kyren,51.6828,102.1408,30.31,42,RU,1650856790,95,1.03
mahibadhoo,3.7833,72.9667,84.6,69,MV,1650856790,12,6.02
mehamn,71.0357,27.8492,31.95,80,NO,1650856790,75,3.44
jonesboro,35.8423,-90.7043,69.62,86,US,1650856520,0,10.0
mantua,45.1667,10.7833,47.44,89,IT,1650856791,24,1.99
oildale,35.4197,-119.0195,73.42,33,US,1650856791,0,6.91
sorland,67.667,12.6934,39.4,92,NO,1650856791,100,13.35
sinnamary,5.3833,-52.95,78.04,90,GF,1650856792,84,9.53
vladyslavivka,45.1667,35.3667,52.14,77,UA,1650856792,92,4.41
nemuro,43.3236,145.575,44.94,55,JP,1650856792,75,17.56
krasnoselkup,65.7,82.4667,8.82,87,RU,1650856793,98,2.73
sarab,38.6066,44.9883,53.76,74,IR,1650856793,100,5.03
nome,64.5011,-165.4064,35.17,93,US,1650856687,100,9.22
rio cuarto,-33.1307,-64.3499,67.32,85,AR,1650856793,0,7.58
maniitsoq,65.4167,-52.9,25.9,88,GL,1650856794,95,5.88
karratha,-20.7377,116.8463,87.73,31,AU,1650856794,100,4.92
honiara,-9.4333,159.95,85.41,72,SB,1650856794,29,5.37
takaka,-40.85,172.8,64.56,68,NZ,1650856795,72,6.51
stephenville,32.2207,-98.2023,60.75,89,US,1650856795,100,6.91
poum,-20.2333,164.0167,77.61,70,NC,1650856545,73,17.67
vanimo,-2.6741,141.3028,85.15,68,PG,1650856796,100,5.99
zhaotong,27.3167,103.7167,61.41,72,CN,1650856796,98,3.04
kelowna,49.8831,-119.4857,53.98,56,CA,1650856520,39,6.06
alexandria,31.2156,29.9553,63.61,80,EG,1650856796,0,6.71
ambilobe,-13.2,49.05,71.29,84,MG,1650856797,8,4.23
constitucion,-35.3333,-72.4167,54.61,89,CL,1650856797,96,3.2
alyangula,-13.8483,136.4192,82.27,83,AU,1650856797,100,8.05
maraa,-1.8333,-65.3667,74.5,96,BR,1650856798,92,2.48
hirara,24.8,125.2833,78.69,88,JP,1650856798,5,13.51
shitanjing,39.2342,106.3439,75.85,11,CN,1650856799,20,14.09
saint anthony,45.0205,-93.218,40.93,70,US,1650856799,100,23.02
erenhot,43.6475,111.9767,70.0,19,CN,1650856799,48,30.04
ballina,-28.8667,153.5667,74.01,67,AU,1650856800,97,11.72
itupiranga,-5.1347,-49.3267,72.86,98,BR,1650856800,83,2.75
bor,56.3567,44.0669,51.73,92,RU,1650856801,100,6.13
cayenne,4.9333,-52.3333,81.09,1,GF,1650856523,40,5.99
santa teresa,10.2341,-66.6631,80.91,95,VE,1650856801,71,2.08
manado,1.487,124.8455,88.57,70,ID,1650856802,40,3.44
peskovka,59.0448,52.3606,37.92,88,RU,1650856802,86,3.42
alofi,-19.0595,-169.9187,84.09,74,NU,1650856804,40,5.75
srednekolymsk,67.45,153.6833,22.89,84,RU,1650856804,100,15.05
leshukonskoye,64.8989,45.7622,32.43,89,RU,1650856581,100,3.58
batagay-alyta,67.8006,130.4114,17.28,75,RU,1650856805,100,2.91
christchurch,-43.5333,172.6333,70.41,54,NZ,1650856805,0,10.36
shubarkuduk,49.1447,56.4872,46.98,46,KZ,1650856805,63,4.52
ternate,0.8,127.4,84.81,69,ID,1650856806,45,4.03
kidal,18.4411,1.4078,76.41,11,ML,1650856806,0,10.63
presidencia roque saenz pena,-26.7852,-60.4388,84.07,51,AR,1650856807,77,12.82
port blair,11.6667,92.75,86.04,74,IN,1650856807,20,5.75
lawrenceburg,38.0373,-84.8966,73.29,70,US,1650856807,0,6.91
ojinaga,29.5667,-104.4167,81.57,17,MX,1650856808,0,8.05
maldonado,-34.6667,-54.9167,71.22,39,UY,1650856527,1,16.82
gat,31.61,34.7642,71.4,100,IL,1650856742,25,1.59
derzhavinsk,51.1,66.3167,40.96,44,KZ,1650856808,5,9.24
sechura,-5.5569,-80.8222,70.25,75,PE,1650856809,92,15.28
vestmannaeyjar,63.4427,-20.2734,44.4,80,IS,1650856809,4,8.99
buchanan,5.8808,-10.0467,75.9,86,LR,1650856810,100,2.71
bokoro,12.3807,17.0568,89.37,20,TD,1650856810,100,8.01
aswan,24.0934,32.907,74.57,18,EG,1650856810,17,8.52
carutapera,-1.195,-46.02,74.84,93,BR,1650856811,2,5.06
spirovo,57.419,34.9766,42.84,97,RU,1650856811,100,5.53
buta,2.7858,24.73,70.99,98,CD,1650856812,100,3.44
kautokeino,69.0125,23.0412,29.14,98,NO,1650856812,100,0.6
gazanjyk,39.2446,55.5154,68.52,33,TM,1650856813,100,15.57
santarem,-2.4431,-54.7083,75.33,100,BR,1650856813,0,2.3
birao,10.2849,22.7882,79.5,57,CF,1650856814,95,4.43
eyl,7.9803,49.8164,81.34,70,SO,1650856814,71,7.78
zhuji,29.7188,120.2423,84.24,62,CN,1650856814,63,10.51
cidreira,-30.1811,-50.2056,68.32,89,BR,1650856815,0,19.62
codrington,-38.2667,141.9667,69.33,43,AU,1650856815,97,2.48
treinta y tres,-33.2333,-54.3833,63.1,64,UY,1650856816,49,9.89
cao bang,22.6667,106.25,83.5,69,VN,1650856816,71,6.93
mayor pablo lagerenza,-19.9309,-60.7718,84.36,54,PY,1650856816,55,14.65
lac du bonnet,50.2536,-96.0612,23.85,91,CA,1650856817,100,17.09
staroaleyskoye,51.0061,82.0,39.96,46,RU,1650856817,95,5.82
karoi,-16.8099,29.6925,59.04,83,ZW,1650856818,0,1.99
bairiki,1.3292,172.9752,80.56,78,KI,1650856818,19,13.44
straumen,63.8709,11.2999,39.2,86,NO,1650856819,93,5.73
moerai,-22.4333,-151.3333,78.64,77,PF,1650856819,35,19.08
cockburn town,21.4612,-71.1419,77.14,73,TC,1650856819,96,22.3
novouzensk,50.4592,48.1431,52.23,75,RU,1650856820,100,5.66
tazovskiy,67.4667,78.7,3.31,93,RU,1650856820,49,4.63
usinsk,65.9939,57.5281,26.82,96,RU,1650856631,92,9.1
vizianagaram,18.1167,83.4167,87.31,46,IN,1650856820,0,4.25
pipri,19.8,75.5333,91.36,19,IN,1650856821,2,11.95
dingle,10.9995,122.6711,87.76,66,PH,1650856821,96,11.79
rapperswil,47.2256,8.8223,49.23,94,CH,1650856822,100,1.01
traverse city,44.7631,-85.6206,60.87,52,US,1650856604,0,12.66
skibbereen,51.55,-9.2667,52.11,87,IE,1650856822,22,10.67
olutanga,7.3106,122.8464,82.81,77,PH,1650856823,93,1.68
chipinge,-20.1883,32.6236,57.54,89,ZW,1650856824,0,1.99
roald,62.5833,6.1333,46.76,81,NO,1650856824,100,19.57
studena,49.1852,15.2869,44.13,98,CZ,1650856825,99,1.99
sherlovaya gora,50.5667,116.25,38.19,40,RU,1650856825,100,15.48
anton lizardo,19.05,-95.9833,82.22,86,MX,1650856826,0,5.57
paamiut,61.994,-49.6678,29.8,97,GL,1650856826,100,10.83
morlaix,48.5833,-4.0,50.32,100,FR,1650856827,28,4.61
toora-khem,52.4675,96.11,30.11,42,RU,1650856827,65,3.44
moundou,8.5667,16.0833,81.97,59,TD,1650856828,98,5.79
dehui,44.5333,125.7,73.06,25,CN,1650856828,12,14.58
bosaso,11.2842,49.1816,81.88,68,SO,1650856829,99,15.01
sakakah,29.9697,40.2064,62.17,53,SA,1650856829,100,12.86
puerto baquerizo moreno,-0.9,-89.6,71.53,89,EC,1650856809,53,9.1
buin,-33.7333,-70.75,63.73,76,CL,1650856830,100,0.83
ziro,27.6333,93.8333,52.54,86,IN,1650856830,60,1.25
axim,4.8699,-2.2405,76.39,81,GH,1650856831,100,2.68
sampit,-2.5333,112.95,85.93,74,ID,1650856831,94,3.38
bukachacha,52.9833,116.9167,41.18,28,RU,1650856832,100,6.33
letlhakane,-21.4167,25.5833,69.76,52,BW,1650856832,100,6.11
bengkulu,-3.8004,102.2655,83.34,71,ID,1650856832,86,4.79
tessalit,20.1986,1.0114,73.89,14,ML,1650856833,0,8.41
cagua,10.1863,-67.4594,74.75,79,VE,1650856833,95,3.18
belle fourche,44.6714,-103.8522,40.05,92,US,1650856833,100,8.03
khani,41.9563,42.9566,40.57,69,GE,1650856834,0,5.41
mikhaylovka,50.06,43.2379,50.7,76,RU,1650856834,90,9.19
caucaia,-3.7361,-38.6531,76.03,84,BR,1650856835,0,5.75
marawi,7.9986,124.2928,81.88,63,PH,1650856835,82,3.96
marzuq,14.4,46.4667,68.29,51,YE,1650856835,40,5.84
port washington,40.8257,-73.6982,49.6,59,US,1650856806,40,8.05
novyy nekouz,57.9029,38.07,45.75,99,RU,1650856836,100,5.06
bandarbeyla,9.4942,50.8122,81.5,71,SO,1650856836,52,6.73
beyneu,45.3167,55.2,52.59,54,KZ,1650856837,2,12.75
botro,7.8525,-5.3106,74.23,79,CI,1650856837,100,4.63
ngaoundere,7.3167,13.5833,64.99,91,CM,1650856837,100,4.05
channel-port aux basques,47.5702,-59.1367,38.86,88,CA,1650856837,100,14.67
neverkino,52.7854,46.7417,49.93,80,RU,1650856838,72,3.89
grande prairie,55.1667,-118.8027,53.51,51,CA,1650856838,97,10.54
antofagasta,-23.65,-70.4,60.08,84,CL,1650856838,42,4.36
springbok,-29.6643,17.8865,42.01,85,ZA,1650856839,0,4.88
udachnyy,66.4167,112.4,20.57,77,RU,1650856839,58,4.0
hami,42.8,93.45,64.78,26,CN,1650856839,11,20.62
pirovskoye,57.6267,92.2658,33.93,78,RU,1650856840,100,10.45
cedar city,37.6775,-113.0619,44.4,36,US,1650856840,0,8.05
karpokhorion,39.3333,22.0167,56.07,73,GR,1650856840,12,3.4
vallenar,-28.5708,-70.7581,59.7,71,CL,1650856841,0,1.01
kahului,20.8947,-156.47,78.82,69,US,1650856737,100,25.32
nurobod,40.9056,69.8023,58.91,81,UZ,1650856841,74,2.37
durham,36.0335,-78.8664,70.34,77,US,1650856841,0,3.44
svetlyy,54.675,20.1347,44.65,94,RU,1650856842,100,5.82
los llanos de aridane,28.6585,-17.9182,62.35,76,ES,1650856842,40,14.97
varberg,57.1056,12.2508,37.06,76,SE,1650856842,26,7.07
coffs harbour,-30.3,153.1333,71.56,64,AU,1650856843,83,13.8
saint-leu,-21.15,55.2833,74.26,69,RE,1650856843,81,6.11
mount isa,-20.7333,139.5,71.37,100,AU,1650856843,100,5.75
magistralnyy,56.1725,107.4458,33.17,46,RU,1650856844,65,5.97
kyshtovka,56.555,76.6271,40.86,53,RU,1650856844,60,9.8
koumac,-20.5667,164.2833,77.23,70,NC,1650856844,95,19.98
san jose,37.3394,-121.895,66.34,61,US,1650856797,20,9.22
lantawan,10.6167,123.9833,87.49,72,PH,1650856845,72,7.52
nushki,29.5542,66.0215,79.41,19,PK,1650856845,0,5.1
saint-augustin,51.226,-58.6502,37.51,91,CA,1650856846,100,17.38
linxia,35.6003,103.2064,63.66,40,CN,1650856846,58,4.34
korla,41.7597,86.1469,72.05,22,CN,1650856846,81,11.59
loubomo,-4.1997,12.6739,70.92,98,CG,1650856847,100,2.62
kysyl-syr,63.8986,122.7617,28.04,72,RU,1650856847,82,2.06
talnakh,69.4865,88.3972,4.21,94,RU,1650856847,87,4.97
bubaque,11.2833,-15.8333,77.49,73,GW,1650856848,99,7.29
chimoio,-19.1164,33.4833,61.45,97,MZ,1650856848,0,3.11
lensk,60.7253,114.9278,33.31,64,RU,1650856848,97,6.44
poyarkovo,49.6,128.6833,51.24,38,RU,1650856849,80,9.78
neryungri,56.6709,124.6491,30.79,70,RU,1650856849,84,3.62
te anau,-45.4167,167.7167,60.15,59,NZ,1650856849,81,4.34
nuuk,64.1835,-51.7216,30.81,93,GL,1650856850,100,5.75
verkhnyaya inta,65.9811,60.3094,27.05,92,RU,1650856850,89,8.41
nybro,56.7446,15.9071,40.05,72,SE,1650856850,100,8.32
shunyi,40.125,116.6453,69.75,60,CN,1650856851,40,4.47
boa vista,2.8197,-60.6733,78.78,78,BR,1650856851,40,2.3
awbari,26.5921,12.7805,70.07,12,LY,1650856851,61,10.85
kemijarvi,66.7131,27.4306,35.56,85,FI,1650856852,100,4.68
kokstad,-30.5472,29.4241,50.34,98,ZA,1650856852,100,1.77
nkowakowa,-23.8878,30.2871,65.7,72,ZA,1650856852,4,2.53
santiago del estero,-27.7951,-64.2615,71.58,82,AR,1650856853,0,5.03
zhaoqing,23.0512,112.4597,86.05,67,CN,1650856853,93,8.66
vao,-22.6667,167.4833,74.52,64,NC,1650856853,100,23.64
campbellton,48.0075,-66.6727,29.41,96,CA,1650856854,95,2.91
urucui,-7.2294,-44.5561,74.37,83,BR,1650856854,24,1.32
ejido,8.5514,-71.2375,69.42,96,VE,1650856854,100,3.58
huambo,-12.7761,15.7392,57.61,75,AO,1650856855,58,1.12
chara,56.9064,118.2631,29.46,44,RU,1650856855,48,4.25
byron bay,-28.65,153.6167,73.94,53,AU,1650856844,93,12.75
raudeberg,61.9875,5.1352,42.87,87,NO,1650856855,69,20.51
maragogi,-9.0122,-35.2225,77.95,82,BR,1650856856,15,7.67
usagara,-2.6833,33.0,63.01,95,TZ,1650856856,89,5.14
hobbs,32.7026,-103.136,67.66,32,US,1650856856,40,18.41
cururupu,-1.8283,-44.8683,73.4,94,BR,1650856857,15,2.48
dogondoutchi,13.6393,4.0287,83.44,13,NE,1650856857,100,6.38
luanda,-8.8368,13.2343,75.54,87,AO,1650856858,60,7.18
sobolevo,54.4299,31.8996,45.16,87,RU,1650856858,99,10.87
puerto madero,14.7208,-92.4215,79.0,83,MX,1650856858,40,2.3
burevestnik,56.144,43.7883,51.55,82,RU,1650856859,40,2.24
kirensk,57.7853,108.1119,32.0,55,RU,1650856859,78,9.01
kendari,-3.945,122.4989,81.81,83,ID,1650856859,76,4.34
lasa,46.6166,10.7002,38.7,89,IT,1650856860,89,3.89
ingham,42.6,-84.3833,65.82,89,US,1650856858,100,8.05
mount pleasant,32.7941,-79.8626,67.98,90,US,1650856860,10,1.01
laukaa,58.7372,29.8453,43.56,99,RU,1650856861,100,2.89
general roca,-39.0333,-67.5833,54.63,35,AR,1650856861,9,36.53
gogrial,8.5332,28.1004,78.15,69,SS,1650856861,100,7.09
yaring,6.8662,101.3689,85.98,69,TH,1650856862,76,6.11
semporna,4.4818,118.6112,86.13,67,MY,1650856862,47,6.82
davila,18.4726,120.5763,89.58,67,PH,1650856862,7,8.84
mersin,36.862,34.6509,66.31,55,TR,1650856863,0,3.15
san fernando,15.0286,120.6898,87.53,38,PH,1650856863,51,9.01
aden,12.7794,45.0367,82.2,82,YE,1650856863,78,18.03
kattivakkam,13.2167,80.3167,87.89,86,IN,1650856864,13,12.24
ahipara,-35.1667,173.1667,64.56,71,NZ,1650856864,99,11.77
deda,46.9333,24.9,49.98,94,RO,1650856865,100,5.97
teluk nibung,3.001,99.8164,86.43,65,ID,1650856865,99,3.65
lixourion,38.2019,20.4314,58.82,74,GR,1650856865,12,1.68
san francisco,37.7749,-122.4194,67.05,74,US,1650856694,40,28.01
ulverstone,-41.15,146.1667,57.22,73,AU,1650856866,60,4.12
ambon,-3.6954,128.1814,93.34,59,ID,1650856866,40,6.91
mitzic,0.7821,11.549,68.13,99,GA,1650856867,100,2.08
pacific grove,36.6177,-121.9166,58.68,83,US,1650856599,0,3.44
kango,0.1943,10.0951,73.58,99,GA,1650856868,100,0.43
nola,40.922,14.5329,58.15,87,IT,1650856843,37,3.33
praya,14.9215,-23.5087,73.94,46,CV,1650856869,0,9.22
alekseyevsk,57.8406,108.3492,31.73,57,RU,1650856869,76,9.26
porosozero,62.7191,32.727,27.75,91,RU,1650856870,23,4.27
haicheng,40.8516,122.7475,70.9,56,CN,1650856870,98,16.44
marystown,47.1666,-55.1483,38.86,100,CA,1650856870,100,5.01
san cristobal,7.7669,-72.225,69.98,98,VE,1650856871,96,1.63
tsaratanana,-16.7833,47.65,72.88,76,MG,1650856871,96,11.36
payakumbuh,-0.2202,100.6308,80.91,71,ID,1650856872,100,2.06
palana,59.1167,159.9667,30.99,88,RU,1650856872,100,10.83
south yuba city,39.1166,-121.6391,70.02,34,US,1650856872,0,5.75
jaciara,-15.9653,-54.9683,72.91,83,BR,1650856873,33,2.91
muscat,23.6139,58.5922,91.42,44,OM,1650856579,0,3.36
richards bay,-28.783,32.0377,66.87,91,ZA,1650856873,100,12.08
almeirim,-1.5233,-52.5817,74.07,93,BR,1650856873,95,3.02
ferkessedougou,9.6,-5.2,78.75,57,CI,1650856874,100,4.9
novaya igirma,57.1334,103.9112,31.77,58,RU,1650856874,54,8.99
muzhi,65.3667,64.6667,23.22,96,RU,1650856874,100,1.28
weiser,44.251,-116.9693,61.0,52,US,1650856704,35,1.01
tezu,27.9167,96.1667,73.18,68,IN,1650856875,100,2.84
saint-joseph,-21.3667,55.6167,73.78,75,RE,1650856875,83,14.16
whitley bay,55.0397,-1.4471,44.2,86,GB,1650856876,40,3.44
labrea,-7.2586,-64.7981,74.41,94,BR,1650856876,90,1.83
glyadyanskoye,54.9075,65.0883,45.82,42,RU,1650856876,82,9.91
bagdarin,54.4333,113.6,37.0,22,RU,1650856877,100,3.44
victoria,22.2855,114.1577,86.38,74,HK,1650856755,6,8.99
bulungu,-4.55,18.6,69.33,99,CD,1650856877,96,0.69
tambacounda,13.7539,-13.7586,88.81,17,SN,1650856877,11,8.52
cap-aux-meules,47.3821,-61.8597,35.62,93,CA,1650856878,100,20.71
astana,51.1801,71.446,35.55,51,KZ,1650856771,0,13.42
lianzhou,24.7811,112.3825,81.81,78,CN,1650856878,99,6.58
tianpeng,30.9866,103.9393,70.27,61,CN,1650856878,100,2.01
adjumani,3.3779,31.7909,66.31,97,UG,1650856879,100,2.3
vestmanna,62.1564,-7.1664,38.32,87,FO,1650856879,95,8.05
mitsamiouli,-11.3847,43.2844,80.69,82,KM,1650856879,100,10.94
bhinga,27.7167,81.9333,89.78,12,IN,1650856880,0,6.98
payson,40.0444,-111.7321,48.42,54,US,1650856880,7,1.99
nohfelden,49.5869,7.1428,47.37,89,DE,1650856880,97,1.81
